firstNoun,connectorParticle,secondNoun
A,-,DUR
A,-,JUGEND
A,-,KADER
A,-,KLARINETTE
A,-,MANNSCHAFT
A,-,PROBE
A,-,SAITE
A,-,SEGMENT
A,-,SÄULE
A,-,WARE
A CAPPELLA,-CAPPELLA-,CHOR
ABC-WAFFE,N-,FREI
ABM,-,KRAFT
ABM,-,PROJEKT
ABM,-,STELLE
ABM,,-LER
AHV,-,BEITRAG
AHV,-,BEZÜGER
AHV,-,RENTE
ASVG,-,PENSIONIST
ASVG,,-LER
AAL,,FANG
AAL,,FISCHER
AAL,,HAMEN
AAL,,KASTEN
AAL,,KORB
AAL,,MUTTER
AAL,,NETZ
AAL,,QUAPPE
AAL,,RAUPE
AAL,,REUSE
AAL,,RÄUCHEREI
AAL,,SPEER
AAL,,STECHEN
AAL,,STRICH
AAL,,SUPPE
AAL,,TIERCHEN
AAL,,TREPPE
AAL,,WANDERUNG
AAS,,BLUME
AAS,,FLIEGE
AAS,,FRESSER
AAS,,GEIER
AAS,,GERUCH
AAS,,GESTANK
AAS,,INSEKT
AAS,,JÄGER
AAS,,JÄGEREI
AAS,,KRÄHE
AAS,,KÄFER
AAS,,SEITE
AAS,,VOGEL
ABARBEITEN,,-UNG
ABARTIG,,-KEIT
ABARTEN,,-UNG
ABBAGGERN,,-UNG
ABBAU,,ERSCHEINUNG
ABBAU,,FELD
ABBAU,,FÖRDERUNG
ABBAU,,GERÄT
ABBAU,,HAMMER
ABBAU,,KRANKHEIT
ABBAUEN,ORT,ABBAU
ABBAU,,PFEILER
ABBAU,,STOSS
ABBAU,,STRECKE
ABBAU,,SYSTEM
ABBEDINGEN,,-UNG
ABBERUFEN,,-UNG
ABBESTELLEN,,-UNG
ABBIEGEN,,ASSISTENT
ABBIEGEN,,SPUR
ABBIEGEN,,UNFALL
ABBIEGEN,,-UNG
ABBILD,,THEORIE
ABBILDUNG,S,FEHLER
ABBILDUNG,S,FREIHEIT
ABBILDUNG,,MASSSTAB
ABBILDUNG,,NACHWEIS
ABBILDUNG,,VERZEICHNIS
ABBILDUNG,,VORSCHRIFT
ABBINDEN,,-UNG
ABBLASEN,,ROHR
ABBLENDEN,,LICHT
ABBLENDEN,,-UNG
ABBLÄTTERN,,-UNG
ABBRECHER,,QUOTE
ABBREVIIEREN,,-ATION
ABBREVIATUR,,SPRACHE
ABBRINGEN,,-UNG
ABBRUCH,,ARBEIT
ABBRUCH,,ARBEITER
ABBRUCH,,BAGGER
ABBRUCH,,FIRMA
ABBRUCH,,GENEHMIGUNG
ABBRUCH,,HAMMER
ABBRUCH,,HAUS
ABBRUCH,,KANTE
ABBRUCH,,KOSTEN
ABBRUCH,,MATERIAL
ABBRUCH,,SIEG
ABBRUCH,,SIEGER
ABBRUCH,,STELLE
ABBRAND,ÄND,-LER
ABBUCHEN,,-UNG
ABBÖSCHEN,,-UNG
ABBÜSSEN,,-UNG
ABC,-,BUCH
ABDACHEN,,-UNG
ABDAMPF,,APPARAT
ABDAMPF,,AUSTRITT
ABDAMPF,,ENTÖLER
ABDAMPF,,HEIZUNG
ABDAMPF,,KESSEL
ABDAMPF,,LEITUNG
ABDAMPF,,ROHR
ABDAMPF,,RÜCKSTAND
ABDAMPF,,TURBINE
ABDAMPF,,VERWERTUNG
ABDAMPF,,VORWÄRMER
ABDAMPF,,WÄRME
ABDANKEN,,-UNG
ABDANKUNG,S,FEIER
ABDANKUNG,,GOTTESDIENST
ABDANKUNG,S,HALLE
ABDANKUNG,S,URKUNDE
ABDECKER,,-EI
ABDECKEN,,MITTEL
ABDECKEN,,PLANE
ABDECKEN,,PLATTE
ABDECKEN,,-UNG
ABDECKEN,,VLIES
ABDICHTEN,,-UNG
ABDICHTUNG,S,ARBEIT
ABDICHTUNG,S,MATERIAL
ABDINGBAR,,-KEIT
ABDINGEN,,-UNG
ABDOMINAL,,SCHWANGERSCHAFT
ABDÄMMEN,,-UNG
ABEND,,ANDACHT
ABEND,,ANZUG
ABEND,,APPELL
ABEND,,ARBEIT
ABEND,,AUFFÜHRUNG
ABEND,,AUSGABE
ABEND,,BALZ
ABEND,,BELEUCHTUNG
ABEND,,BLATT
ABEND,,BRISE
ABEND,,BROT
ABENDBROT,,BESTECK
ABENDBROT,,TISCH
ABEND,,DUNKEL
ABEND,,DÄMMER
ABEND,,DÄMMERN
ABEND,,DÄMMERUNG
ABEND,,EMPFANG
ABEND,,FACHSCHULE
ABEND,,FALTER
ABEND,,FRISUR
ABEND,FÜLLER,FÜLLEN
ABEND,,GAGE
ABEND,,GARDEROBE
ABEND,,GAZETTE
ABEND,,GEBET
ABEND,,GESELLIGKEIT
ABEND,,GESELLSCHAFT
ABEND,,GLANZ
ABEND,,GLOCKE
ABEND,,GLUT
ABEND,,GOLD
ABEND,,GOTTESDIENST
ABEND,,GYMNASIUM
ABEND,,HAUCH
ABEND,,HAUPTSCHULE
ABEND,,HERR
ABEND,,HIMMEL
ABEND,,HOCHSCHULE
ABEND,,IMBISS
ABEND,,IMBISS
ABEND,,JOURNAL
ABEND,,KASSE
ABEND,,KLEID
ABEND,,KLEIDUNG
ABEND,,KONZERT
ABEND,,KURSUS
ABEND,,KÜHLE
ABEND,,LAND
ABEND,,LANDSCHAFT
ABEND,,LEHRGANG
ABEND,,LICHT
ABEND,,LIED
ABEND,,LUFT
ABEND,,LÄUTEN
ABEND,,MAHL
ABENDMAHL,S,BROT
ABEND,,MAHLZEIT
ABEND,,MANTEL
ABEND,,MELDUNG
ABEND,,MUSIK
ABEND,,NACHRICHT
ABEND,,NEBEL
ABEND,,OBERSCHULE
ABEND,,PFAUENAUGE
ABEND,,PFEIFE
ABEND,,PRESSE
ABEND,,PROGRAMM
ABEND,,REALSCHULE
ABEND,,ROBE
ABEND,,ROT
ABEND,,ROUTINE
ABEND,,RUHE
ABEND,,RUNDE
ABEND,,RUNDGANG
ABEND,,RÖTE
ABEND,,SCHIMMER
ABEND,,SCHNELLZUG
ABEND,,SCHOPPEN
ABEND,,SCHULE
ABEND,,SEGEN
ABEND,,SEGLER
ABEND,,SEITE
ABEND,,SENDUNG
ABEND,,SHOW
ABEND,,SONNE
ABEND,,SONNENSCHEIN
ABEND,,SPAZIERGANG
ABEND,,SPORT
ABEND,,STERN
ABEND,,STILLE
ABEND,,STIMMUNG
ABEND,,STUDIUM
ABEND,,STUNDE
ABEND,,SUPPE
ABEND,,TAFEL
ABEND,,TASCHE
ABEND,,TEMPERATUR
ABEND,,TISCH
ABEND,,TOILETTE
ABEND,,TRUNK
ABEND,,TÄSCHCHEN
ABEND,,UMHANG
ABEND,,UNIVERSITÄT
ABEND,,UNTERHALTUNG
ABEND,,UNTERRICHT
ABEND,,VERANSTALTUNG
ABEND,,VERKAUF
ABEND,,VISITE
ABEND,,VORLESUNG
ABEND,,VORSTELLUNG
ABEND,,WIND
ABEND,,WOLKE
ABEND,,ZEIT
ABEND,,ZEITUNG
ABEND,,ZIRKEL
ABEND,,ZUG
ABENTEUER,,BECKEN
ABENTEUER,,BEDÜRFNIS
ABENTEUER,,BUCH
ABENTEUER,,DRANG
ABENTEUER,,DURST
ABENTEUER,,ERZÄHLUNG
ABENTEUER,,FAHRT
ABENTEUER,,FILM
ABENTEUER,,GESCHICHTE
ABENTEUER,,HUNGER
ABENTEUER,,LEBEN
ABENTEUERLICH,,-KEIT
ABENTEUER,,LITERATUR
ABENTEUER,,LUST
ABENTEUER,,NATUR
ABENTEUER,,POLITIK
ABENTEUER,,REISE
ABENTEUER,,ROMAN
ABENTEUER,,ROMANTIK
ABENTEUER,,SPIELPLATZ
ABENTEUER,,SUCHT
ABENTEUER,,-TUM
ABENTEUER,,URLAUB
ABENTEURER,,BUCH
ABENTEURER,,FAHRT
ABENTEURER,,FILM
ABENTEURER,,GESCHICHTE
ABENTEURER,,LEBEN
ABENTEURER,,LITERATUR
ABENTEURER,,NATUR
ABENTEURER,,POLITIK
ABENTEURER,,ROMAN
ABENTEURER,,ROMANTIK
ABENTEURER,,-TUM
ABERKENNEN,,-UNG
ABER-,MILLIARDEN,MILLIARDE
ABER-,MILLIONE,MILLION
ABERRIEREN,,-ATION
ABER-,,SINN
ABER-,,WITZ
ABFAHRT,S,DATUM
ABFAHRT,,STELLE
ABFALL,,AUFKOMMEN
ABFALL,,BEHÄLTER
ABFALL,,BERATER
ABFALL,,BERG
ABFALL,,BESEITIGUNG
ABFALL,,CONTAINER
ABFALL,,DEPONIE
ABFALL,,EIMER
ABFALL,,ENERGIE
ABFALL,,ENTSORGER
ABFALL,,ENTSORGUNG
ABFALL,,ERZEUGNIS
ABFALL,,GEFÄSS
ABFALL,,GESETZ
ABFALL,,GRUBE
ABFALL,,HAAR
ABFALL,,HALDE
ABFALL,,HAUFEN
ABFALL,,HEIZKRAFTWERK
ABFALL,,HOLZ
ABFALL,,KALENDER
ABFALL,,KORB
ABFALL,,KÜBEL
ABFALL,,MATERIAL
ABFALL,,MENGE
ABFALL,,PLATZ
ABFALL,,POLITIK
ABFALL,,PRODUKT
ABFALL,,QUOTE
ABFALL,,RECHT
ABFALLEN,,ROHR
ABFALL,,SACK
ABFALLSACK,,GEBÜHR
ABFALL,,SAMMLER
ABFALL,,SATZUNG
ABFALL,,STOFF
ABFALL,,STÜCK
ABFALL,,SÜNDER
ABFALL,,TONNE
ABFALL,,TRENNUNG
ABFALL,,VERBRENNUNG
ABFALL,,VERMEIDUNG
ABFALL,,VERORDNUNG
ABFALL,,VERWERTUNG
ABFALL,,WIRTSCHAFT
ABFALLWIRTSCHAFT,,BETRIEB
ABFANGEN,,JÄGER
ABFANGEN,,MANÖVER
ABFANGEN,,SATELLIT
ABFASSEN,,-UNG
ABFASSUNG,,ZEIT
ABFEDERN,,-UNG
ABFERKELN,,STALL
ABFERTIGEN,,-UNG
ABFERTIGUNG,,DIENST
ABFERTIGUNG,S,GEBÄUDE
ABFERTIGUNG,S,GEBÜHR
ABFERTIGUNG,,SCHALTER
ABFEUERN,,-UNG
ABFILMEN,,-UNG
ABFINDEN,,-UNG
ABFINDUNG,S,ANGEBOT
ABFINDUNG,,LEISTUNG
ABFINDUNG,,SUMME
ABFINDUNG,S,ZAHLUNG
ABFISCHEN,,-UNG
ABFLACHEN,,-UNG
ABFLUG,,HALLE
ABFLUG,,TERMINAL
ABFLUSS,,BECKEN
ABFLUSS,,GEBIET
ABFLUSS,,GRABEN
ABFLUSS,,GRUBE
ABFLUSS,,KANAL
ABFLUSS,,KOEFFIZIENT
ABFLUSS,,LOCH
ABFLUSS,,REGIME
ABFLUSS,,REINIGER
ABFLUSS,,RINNE
ABFLUSS,,ROHR
ABFLUSS,,VENTIL
ABFLUSS,,BECKEN
ABFLUSS,,GEBIET
ABFLUSS,,GRABEN
ABFLUSS,,GRUBE
ABFLUSS,,KANAL
ABFLUSS,,KOEFFIZIENT
ABFLUSS,,LOCH
ABFLUSS,,REGIME
ABFLUSS,,REINIGER
ABFLUSS,,RINNE
ABFLUSS,,ROHR
ABFLUSS,,VENTIL
ABFORMEN,,-UNG
ABFRAGEN,,MASKE
ABFRAGEN,,SPRACHE
ABFÄLLIG,,-KEIT
ABFÜHREN,,MITTEL
ABFÜHREN,,PILLE
ABFÜHREN,,SCHOKOLADE
ABFÜHREN,,-UNG
ABFÜLLEN,,ANLAGE
ABFÜLLEN,,APPARAT
ABFÜLLEN,,AUTOMAT
ABFÜLLEN,,BETRIEB
ABFÜLLEN,,DATUM
ABFÜLLEN,,MASCHINE
ABFÜLLEN,,-UNG
ABGABE,,FRIST
ABGABELN,,-UNG
ABGABE,,AUTONOMIE
ABGABE,N,BEHÖRDE
ABGABE,,BELASTUNG
ABGABE,N,LAST
ABGABE,,ORDNUNG
ABGABE,N,QUOTE
ABGABE,,VERWALTUNG
ABGABE,,PREIS
ABGABE,,SATZ
ABGABE,,STELLE
ABGABE,,TERMIN
ABGANG,S,DATUM
ABGANG,,ENTSCHÄDIGUNG
ABGANG,S,EXAMEN
ABGANG,,KLASSE
ABGANG,S,MELDUNG
ABGANG,S,PRÜFUNG
ABGANG,,SCHÜLER
ABGANG,,STATION
ABGANG,S,ZAHLUNG
ABGANG,S,ZEIT
ABGANG,,ZEUGNIS
ABGAS,,ANLAGE
ABGAS,,GESTANK
ABGAS,,KANAL
ABGAS,,KATALYSATOR
ABGAS,,KONTROLLE
ABGAS,,KRÜMMER
ABGAS,,MESSUNG
ABGAS,,NACHBEHANDLUNG
ABGAS,,NORM
ABGAS,,REINIGER
ABGAS,,REINIGUNG
ABGASREINIGUNG,,TECHNIK
ABGASREINIGUNG,,VERFAHREN
ABGAS,,ROHR
ABGAS,,RÜCKFÜHRUNG
ABGAS,,SCHLAUCH
ABGAS,,SONDERUNTERSUCHUNG
ABGAS,,STRAHL
ABGAS,,TECHNIK
ABGAS,,TEST
ABGAS,,TURBINE
ABGAS,,TURBOLADER
ABGAS,,UNTERSUCHUNG
ABGAS,,VERLUST
ABGAS,,VORSCHRIFT
ABGAS,,WERT
ABGAS,,WOLKE
ABGEBRÜHT,,-HEIT
ABGEHOBEN,,-HEIT
ABGEKLÄRT,,-HEIT
ABGELEGEN,,-HEIT
ABGELTEN,,-UNG
ABGEMESSEN,,-HEIT
ABGEORDNETE,,AMT
ABGEORDNETE,,BESTECHUNG
ABGEORDNETE,,BÜRO
ABGEORDNETE,,DIÄTEN
ABGEORDNETE,,ENTSCHÄDIGUNG
ABGEORDNETE,,GESETZ
ABGEORDNETE,,HAUS
ABGEORDNETENHAUS,,WAHL
ABGEORDNETE,,KAMMER
ABGEORDNETE,,MANDAT
ABGEORDNETE,,SITZ
ABGEORDNETE,,VERSAMMLUNG
ABGEORDNETE,,WAHL
ABGEORDNETE,,ZAHL
ABGEORDNETE,,ZEIT
ABGESCHIEDEN,,-HEIT
ABGESCHLAGEN,,-HEIT
ABGESCHLOSSEN,,-HEIT
ABGESCHMACKT,,-HEIT
ABGESPANNT,,-HEIT
ABGEWANDT,,-HEIT
ABGEZOCKT,,-HEIT
ABGLEICHEN,,-UNG
ABGOTT,,SCHLANGE
ABGRENZEN,,-UNG
ABGRENZUNG,S,KRITERIUM
ABGRENZUNG,S,PROBLEM
ABGRENZUNG,,VERSUCH
ABGRÜNDIG,,-KEIT
ABGÄNGIG,,-KEIT
ABGOTT,ÖTT,-EREI
ABHAKEN,,LISTE
ABHALTEN,,-UNG
ABHEBEN,,-UNG
ABHEILEN,,-UNG
AB-,,HITZE
ABHOLEN,,DIENST
ABHOLEN,,MARKT
ABHOLEN,,STATION
ABHOLEN,,-UNG
ABHOLZEN,,-UNG
ABHORCHEN,,APPARAT
ABHÄNGIG,,-KEIT
ABHÄNGIGKEIT,S,BEZIEHUNG
ABHÄNGIGKEIT,S,ERKRANKUNG
ABHÄNGIGKEIT,S,GEFÜHL
ABHÄNGIGKEIT,,SYNDROM
ABHÄNGIGKEIT,,VERHÄLTNIS
ABHÄRTEN,,-UNG
ABHÖREN,,AFFÄRE
ABHÖREN,,AKTION
ABHÖREN,,ANLAGE
ABHÖREN,,APPARAT
ABHÖREN,,DIENST
ABHÖREN,,GERÄT
ABHÖREN,,GESETZ
ABHÖREN,,KABINE
ABHÖREN,,MASSNAHME
ABHÖREN,,PRAKTIK
ABHÖREN,,PROTOKOLL
ABHÖREN,,RAUM
ABHÖREN,,SKANDAL
ABHÖREN,,STATION
ABHÖREN,,TISCH
ABHÖREN,,VERBOT
ABHÖREN,,WANZE
ABI,,FEIER
ABIRREN,,-UNG
ABI,,SCHNITT
ABISOLIEREN,,ZANGE
ABITUR,,AUFSATZ
ABITURIENT,,EXAMEN
ABITURIENT,,KLASSE
ABITURIENT,,LEHRGANG
ABITURIENT,,PRÜFUNG
ABITUR,,NIVEAU
ABITUR,,NOTE
ABKANTEN,,-UNG
ABKAPSELN,,-UNG
AB-,,KLATSCH
ABKLINGEN,,BECKEN
ABKLINGEN,,ZEIT
ABKLÄREN,,-UNG
ABKNICKEN,,-UNG
ABKOCHEN,,-UNG
ABKOMMANDIEREN,,-UNG
ABKOMMEN,S,PARTNER
ABKÖMMLICH,,-KEIT
ABKOMME,ÖMM,-LING
ABKÜHLEN,,-UNG
ABKÜNDIGEN,,-UNG
ABKÜRZUNG,S,FIMMEL
ABKÜRZUNG,S,PUNKT
ABKÜRZUNG,,SPRACHE
ABKÜRZUNG,,VERZEICHNIS
ABKÜRZUNG,S,WEG
ABKÜRZUNG,S,ZEICHEN
ABLADEN,,GLEIS
ABLADEN,,PLATZ
ABLADEN,,-UNG
ABLAGE, ,RUND
ABLAGE,,KORB
ABLAGE,,MAPPE
ABLAGE,,PLATZ
ABLAGERN,,-UNG
ABLAGERUNG,S,FORM
ABLAGERUNG,S,PLATZ
ABLAGE,,URNE
ABLASS,,BRIEF
ABLASS,,ERTEILUNG
ABLASS,,GELD
ABLASS,,GEWINNUNG
ABLASS,,JAHR
ABLASS,,KRÄMER
ABLASS,,PRAXIS
ABLASS,,PREDIGER
ABLASSEN,,ROHR
ABLASSEN,,VENTIL
ABLAUFEN,,BERG
ABLAUFEN,,BRETT
ABLAUFEN,,GESCHWINDIGKEIT
ABLAUFEN,,LEISTUNG
ABLAUFEN,,LOCH
ABLAUFEN,,MARKE
ABLAUFEN,P,ABLAUF
ABLAUFEN,,RINNE
ABLAUFEN,,ROHR
ABLAUFEN,,SCHEMA
ABLAUFEN,,STELLE
ABLAUFEN,,STELLUNG
ABLAUFEN,,ZEIT
ABLASS,,BRIEF
ABLASS,,ERTEILUNG
ABLASS,,GELD
ABLASS,,GEWINNUNG
ABLASS,,JAHR
ABLASS,,KRÄMER
ABLASS,,PRAXIS
ABLASS,,PREDIGER
ABLASSEN,,ROHR
ABLASSEN,,VENTIL
ABLEGEN,,MANÖVER
ABLEGEN,,-UNG
ABLEHNEN,,-UNG
ABLEHNUNG,,BESCHEID
ABLEHNUNG,S,FRONT
ABLEHNUNG,,GESUCH
ABLEHNUNG,S,GRUND
ABLEHNUNG,S,RECHT
ABLEISTEN,,-UNG
ABLEITEN,,-UNG
ABLEITUNG,S,GRABEN
ABLEITUNG,S,KANAL
ABLEITUNG,S,MORPHEM
ABLEITUNG,S,REGEL
ABLEITUNG,S,ROHR
ABLEITUNG,,SILBE
ABLENKEN,,-UNG
ABLENKUNG,S,MANÖVER
ABLENKUNG,S,MITTEL
ABLENKUNG,S,TAKTIK
ABLENKUNG,,VERSUCH
ABLESBAR,,-KEIT
ABLESEN,,-UNG
ABLEUGNEN,,-UNG
ABLICHTEN,,-UNG
ABLIEFERN,,-UNG
ABLIEFERUNG,,BESCHEID
ABLIEFERUNG,,BESCHEINIGUNG
ABLIEFERUNG,,FRIST
ABLIEFERUNG,S,NORM
ABLIEFERUNG,S,PFLICHT
ABLIEFERUNG,,PREIS
ABLIEFERUNG,,RÜCKSTAND
ABLIEFERUNG,S,TERMIN
ABLIEFERUNG,S,ZWANG
ABLUFT,,KAMIN
ABLÖSEN,,-UNG
ABLÖSUNG,,MANNSCHAFT
ABLÖSUNG,,PROZESS
ABLÖSUNG,,PROZESS
ABLÖSUNG,,RECHT
ABLÖSUNG,,SCHULD
ABLÖSUNG,,SUMME
ABMACHEN,,-UNG
ABMAGERN,,-UNG
ABMAGERUNG,S,KUR
ABMAGERUNG,S,PILLE
ABMAHNEN,,ANWALT
ABMAHNEN,,BETRUG
ABMAHNEN,,INDUSTRIE
ABMAHNEN,,KANZLEI
ABMAHNEN,,SCHREIBEN
ABMAHNEN,,-UNG
ABMAHNEN,,VEREIN
ABMAHNEN,,WAHN
ABMATTEN,,-UNG
ABMAUERN,,-UNG
ABMELDEN,,BESTÄTIGUNG
ABMELDEN,,FORMULAR
ABMELDEN,,-UNG
ABMELKEN,,BETRIEB
ABMELKEN,,-EREI
ABMELKEN,,STALL
ABMELKEN,,WIRTSCHAFT
ABMESSEN,,-UNG
ABMILDERN,,-UNG
ABMINDERN,,-UNG
ABMINDERUNG,,STUNDE
ABMODERIEREN,,-ATION
ABMUSTERN,,-UNG
ABNABELN,,-UNG
ABNAHME,,BEDINGUNG
ABNAHME,,FAHRT
ABNAHME,,FRIST
ABNAHME,,GARANTIE
ABNAHME,,INGENIEUR
ABNAHME,,KOMMISSION
ABNAHME,,LAND
ABNAHME,,MENGE
ABNAHME,,PFLICHT
ABNAHME,,PROTOKOLL
ABNAHME,,PRÜFUNG
ABNAHME,,VORSCHRIFT
ABNAHME,,ZWANG
ABNEHMER,,KREIS
ABNEHMER,,LAND
ABNEHMER,,ZAHL
ABNORMAL,,-ITÄT
ABNORM,,-ITÄT
ABNUTZUNG,S,BETRAG
ABNUTZUNG,,ERSCHEINUNG
ABNUTZUNG,S,GEBÜHR
ABNUTZUNG,S,KRIEG
ABNUTZUNG,,SPUR
ABNÖTIGEN,,-UNG
ABO,,FALLE
ABO,,MODELL
ABONNEMENT,S,BEDINGUNG
ABONNEMENT,,ESSEN
ABONNEMENT,S,KONZERT
ABONNEMENT,,PREIS
ABONNEMENT,S,ZEIT
ABONNENT,,LISTE
ABONNENT,,STAMM
ABONNENT,,ZAHL
ABORDNEN,,-UNG
ABPACKEN,,BETRIEB
ABPACKEN,,MASCHINE
ABPACKEN,,-UNG
ABPLATTEN,,-UNG
ABPLÄTTEN,,MUSTER
AB-,,PRODUKT
ABRAUCHEN,,MASCHINE
ABRAUM,,BAGGER
ABRAUM,,FÖRDERBRÜCKE
ABRAUM,,HALDE
ABRAUM,,MATERIAL
ABRAUM,,SALZ
ABRAUM,,ZUG
ABRECHNEN,,-UNG
ABRECHNUNG,S,BELEG
ABRECHNUNG,S,BETRUG
ABRECHNUNG,S,BUCH
ABRECHNUNG,S,PERIODE
ABRECHNUNG,,STELLE
ABRECHNUNG,,SYSTEM
ABRECHNUNG,S,TERMIN
ABRECHNUNG,S,UNTERLAGE
ABRECHNUNG,,-WESEN
ABRECHNUNG,S,ZEITRAUM
ABREIBEN,,-UNG
ABREICHERN,,-UNG
ABREISE,,TERMIN
ABRICHTEN,,-UNG
ABRIEGELN,,-UNG
ABROLLEN,,CONTAINER
ABRUFEN,,STATISTIK
ABRUNDEN,,-UNG
ABRÜSTEN,,-UNG
ABRÜSTUNG,,ABKOMMEN
ABRÜSTUNG,,DEBATTE
ABRÜSTUNG,,EXPERTE
ABRÜSTUNG,,FRAGE
ABRÜSTUNG,,GEDANKE
ABRÜSTUNG,,GESPRÄCH
ABRÜSTUNG,,IDEE
ABRÜSTUNG,,KONFERENZ
ABRÜSTUNG,,MASSNAHME
ABRÜSTUNG,,POLITIK
ABRÜSTUNG,,PROGRAMM
ABRÜSTUNG,,SCHRITT
ABRÜSTUNG,,VERHANDLUNG
ABRÜSTUNG,,VERTRAG
ABRÜSTUNG,,VORSCHLAG
ABRÜSTUNG,,ÜBEREINKOMMEN
ABSATZ,,BEREICH
ABSATZ,,CHANCE
ABSATZ,,EINBRUCH
ABSATZ,,ENTWICKLUNG
ABSATZ,,ERFOLG
ABSATZ,,FERKEL
ABSATZ,,FLAUTE
ABSATZ,,FOHLEN
ABSATZ,,FORMAT
ABSATZFÄHIG,,-KEIT
ABSATZ,,FÖRDERUNG
ABSATZ,,GARANTIE
ABSATZ,,GEBIET
ABSATZ,,GENOSSENSCHAFT
ABSATZ,,GESTEIN
ABSATZ,,HONORAR
ABSATZ,,KALB
ABSATZ,,KANAL
ABSATZ,,KARTELL
ABSATZ,,KICK
ABSATZ,,KOSTEN
ABSATZ,,KRISE
ABSATZ,,LAGE
ABSATZ,,LEDER
ABSATZ,,MARKT
ABSATZ,,MENGE
ABSATZ,,MINUS
ABSATZ,,MITTLER
ABSATZ,,MÖGLICHKEIT
ABSATZ,,NIVEAU
ABSATZ,,PLANUNG
ABSATZ,,PLUS
ABSATZ,,POLITIK
ABSATZ,,PREIS
ABSATZ,,PROBLEM
ABSATZ,,RENNER
ABSATZ,,RÜCKGANG
ABSATZ,,SCHRUMPFUNG
ABSATZ,,SCHWIERIGKEIT
ABSATZ,,SORGE
ABSATZ,,STEIGERUNG
ABSATZ,,STOCKUNG
ABSATZ,,STRATEGIE
ABSATZ,,TIEF
ABSATZ,,TRICK
ABSATZ,,VOLUMEN
ABSATZ,,WEG
ABSATZ,,WERBUNG
ABSATZ,,WIRTSCHAFT
ABSATZ,,ZAHL
ABSATZ,,ZEICHEN
ABSATZ,,ZIEL
ABSAUGEN,,ANLAGE
ABSAUGEN,,-UNG
ABSCHAFFEN,,-UNG
ABSCHALTEN,,EINRICHTUNG
ABSCHALTEN,,-UNG
ABSCHALTEN,,VORRICHTUNG
ABSCHATTIEREN,,-UNG
ABSCHATTEN,,-UNG
ABSCHEIDEN,,-UNG
ABSCHEULICH,,-KEIT
ABSCHIEBEN,,GEFÄNGNIS
ABSCHIEBEN,,GEWAHRSAM
ABSCHIEBEN,,HAFT
ABSCHIEBEN,,HÄFTLING
ABSCHIEBEN,,PRAXIS
ABSCHIEBEN,,STOPP
ABSCHIEBEN,,ZENTRUM
ABSCHIEBEN,,-UNG
ABSCHIEBUNG,,HAFT
ABSCHIED,,ABEND
ABSCHIED,,BESUCH
ABSCHIED,,BRIEF
ABSCHIED,,ESSEN
ABSCHIED,,FEIER
ABSCHIED,,GEDANKE
ABSCHIED,,GESCHENK
ABSCHIED,,GESUCH
ABSCHIED,,GRUSS
ABSCHIED,,KLAPS
ABSCHIED,,KONZERT
ABSCHIED,,KUSS
ABSCHIED,,KUSS
ABSCHIED,,MONOLOG
ABSCHIED,,PARTY
ABSCHIED,,REDE
ABSCHIED,,SCHMERZ
ABSCHIED,,SPIEL
ABSCHIED,,STIMMUNG
ABSCHIED,,STUNDE
ABSCHIED,,SZENE
ABSCHIED,,TOUR
ABSCHIED,,TOURNEE
ABSCHIED,,TRUNK
ABSCHIED,,TRÄNE
ABSCHIED,,VISITE
ABSCHIED,,VORSTELLUNG
ABSCHIED,,WORT
ABSCHIED,,ZIMMER
ABSCHILDERN,,-UNG
ABSCHILFERN,,-UNG
ABSCHIRMEN,,DIENST
ABSCHIRMEN,,-UNG
ABSCHLACHTEN,,-UNG
ABSCHLAG,,DIVIDENDE
ABSCHLAG,,KLAUSEL
ABSCHLAG,,VERTEILUNG
ABSCHLEIFEN,,-UNG
ABSCHLEPPEN,,DIENST
ABSCHLEPPEN,,KOSTEN
ABSCHLEPPEN,,KRAN
ABSCHLEPPEN,,SEIL
ABSCHLIESSEN,,-UNG
ABSCHLUSS,,ARBEIT
ABSCHLUSS,,BERICHT
ABSCHLUSS,,BILANZ
ABSCHLUSS,,DOKUMENT
ABSCHLUSS,,ERKLÄRUNG
ABSCHLUSS,,EXAMEN
ABSCHLUSS,,FAHRT
ABSCHLUSS,,FEIER
ABSCHLUSS,,FILM
ABSCHLUSS,,JAHR
ABSCHLUSS,,KABEL
ABSCHLUSS,,KLASSE
ABSCHLUSS,,KONZERT
ABSCHLUSS,,KOSTEN
ABSCHLUSS,,KUNDGEBUNG
ABSCHLUSS,,LEISTE
ABSCHLUSS,,NOTE
ABSCHLUSS,,PHASE
ABSCHLUSS,,PLATTE
ABSCHLUSS,,PRÄMIE
ABSCHLUSS,,PRÜFER
ABSCHLUSS,,PRÜFUNG
ABSCHLUSS,,RECHNUNG
ABSCHLUSS,,REDE
ABSCHLUSS,,TABELLE
ABSCHLUSS,,TRAINING
ABSCHLUSS,,VENTIL
ABSCHLUSS,,VERANSTALTUNG
ABSCHLUSS,,ZEIT
ABSCHLUSS,,ZENSUR
ABSCHLUSS,,ZEUGNIS
ABSCHLUSS,,ZWANG
ABSCHLUSS,,ARBEIT
ABSCHLUSS,,BERICHT
ABSCHLUSS,,BILANZ
ABSCHLUSS,,DOKUMENT
ABSCHLUSS,,ERKLÄRUNG
ABSCHLUSS,,EXAMEN
ABSCHLUSS,,FAHRT
ABSCHLUSS,,FEIER
ABSCHLUSS,,FILM
ABSCHLUSS,,JAHR
ABSCHLUSS,,KABEL
ABSCHLUSS,,KLASSE
ABSCHLUSS,,KONZERT
ABSCHLUSS,,KOSTEN
ABSCHLUSS,,KUNDGEBUNG
ABSCHLUSS,,LEISTE
ABSCHLUSS,,NOTE
ABSCHLUSS,,PHASE
ABSCHLUSS,,PLATTE
ABSCHLUSS,,PRÄMIE
ABSCHLUSS,,PRÜFER
ABSCHLUSS,,PRÜFUNG
ABSCHLUSS,,RECHNUNG
ABSCHLUSS,,REDE
ABSCHLUSS,,TABELLE
ABSCHLUSS,,TRAINING
ABSCHLUSS,,VENTIL
ABSCHLUSS,,VERANSTALTUNG
ABSCHLUSS,,ZEIT
ABSCHLUSS,,ZENSUR
ABSCHLUSS,,ZEUGNIS
ABSCHLUSS,,ZWANG
ABSCHMIEREN,,DIENST
ABSCHMIEREN,,GRUBE
ABSCHNEIDEN,,-UNG
ABSCHNITT,,GLIEDERUNG
ABSCHNÜREN,,-UNG
ABSCHOTTEN,,-UNG
ABSCHRANKEN,,-UNG
ABSCHRECKEN,,-UNG
ABSCHRECKUNG,,MASSNAHME
ABSCHRECKUNG,,MITTEL
ABSCHRECKUNG,,POLITIK
ABSCHRECKUNG,,STRAFE
ABSCHRECKUNG,,WAFFE
ABSCHREIBEN,,-UNG
ABSCHREIBUNG,,BEDARF
ABSCHREIBUNG,,BETRAG
ABSCHREIBUNG,,ENTSCHEID
ABSCHREIBUNG,,GESELLSCHAFT
ABSCHREIBUNG,,METHODE
ABSCHREIBUNG,,MÖGLICHKEIT
ABSCHREIBUNG,,NORM
ABSCHREIBUNG,,SATZ
ABSCHRÄGEN,,-UNG
ABSCHUPPEN,,-UNG
ABSCHUSS,,BASIS
ABSCHUSS,,KANONE
ABSCHUSS,,LISTE
ABSCHUSS,,PRÄMIE
ABSCHUSS,,RAMPE
ABSCHUSS,,REGELUNG
ABSCHUSS,,VERBOT
ABSCHUSS,,VORRICHTUNG
ABSCHUSS,,ZEIT
ABSCHUSS,,ZIFFER
ABSCHUSS,,BASIS
ABSCHUSS,,KANONE
ABSCHUSS,,LISTE
ABSCHUSS,,PRÄMIE
ABSCHUSS,,RAMPE
ABSCHUSS,,REGELUNG
ABSCHUSS,,VERBOT
ABSCHUSS,,VORRICHTUNG
ABSCHUSS,,ZEIT
ABSCHUSS,,ZIFFER
ABSCHWEIFEN,,-UNG
ABSCHWELLEN,,-UNG
ABSCHWEMMEN,,-UNG
AB-,,SCHWUNG
ABSCHWÄCHEN,,-UNG
ABSCHÄTZEN,,-UNG
ABSCHÖPFEN,,-UNG
ABSCHÜRFEN,,-UNG
ABSCHÜSSIG,,-KEIT
ABSEGNEN,,-UNG
ABSEHEN,,-UNG
ABSEHEN,,UNTERRICHT
ABSEITE,N,STOFF
ABSEITIG,,-KEIT
ABSEITS,,FALLE
ABSEITS,,LINIE
ABSEITS,,PFIFF
ABSEITS,,POSITION
ABSEITS,,REGEL
ABSEITS,,STELLUNG
ABSEITS,,TREFFER
ABSENDER,,ADRESSE
ABSENDER,,ANGABE
ABSENDEN,,TERMIN
ABSENDEN,,-UNG
ABSENKEN,,-UNG
ABSETZBAR,,-KEIT
ABSETZEN,,BECKEN
ABSETZEN,,BETRAG
ABSETZEN,,GEBIET
ABSETZEN,,GERÄT
ABSETZEN,,GESCHWINDIGKEIT
ABSETZEN,,TISCH
ABSETZEN,,-UNG
ABSICHERN,,-UNG
ABSICHERUNG,,NIVEAU
ABSICHTLICH,,-KEIT
ABSICHT,,ERKLÄRUNG
ABSICHT,,SATZ
ABSOLUTHEIT,,ANSPRUCH
ABSOLVIEREN,,-ENT
ABSOLVENT,,TREFFEN
ABSOLVIEREN,,-UNG
ABSONDERLICH,,-KEIT
ABSONDERN,,-UNG
ABSONDERUNG,,DRÜSE
ABSONDERUNG,,GEWEBE
ABSONDERUNG,,RECHT
ABSONDERUNG,,STOFF
ABSONDERUNG,,TÄTIGKEIT
ABSORPTION,,GEWEBE
ABSORPTION,,KÄLTEMASCHINE
ABSORPTION,,LINIE
ABSORPTION,,MITTEL
ABSORPTION,,SPEKTRUM
ABSORPTION,,WÄRME
ABSPALTEN,,-UNG
ABSPANNEN,,SEIL
ABSPANNEN,,TRANSFORMATOR
ABSPANNEN,,-UNG
ABSPANNEN,,WERK
ABSPEISEN,,-UNG
ABSPERREN,,DIENST
ABSPERREN,,GITTER
ABSPERREN,,GRABEN
ABSPERREN,,KETTE
ABSPERREN,,KLAPPE
ABSPERREN,,KOMMANDO
ABSPERREN,,LINIE
ABSPERREN,,MASSNAHME
ABSPERREN,,SCHIEBER
ABSPERREN,,SEIL
ABSPERREN,,-UNG
ABSPERREN,,VENTIL
ABSPERREN,,VORRICHTUNG
ABSPIEGELN,,-UNG
ABSPIELEN,,GERÄT
ABSPLITTERN,,-UNG
ABSPRUNG,,BALKEN
ABSPRUNG,,BASIS
ABSPRUNG,,BEIN
ABSPRUNG,,HÖHE
ABSPRUNG,,LINIE
ABSPRUNG,,SCHRITT
ABSPRUNG,,STELLE
ABSPRUNG,,TISCH
ABSPRUNG,,WINKEL
ABSPRUNG,,ZONE
ABSPÜLEN,,-UNG
ABSTAMMEN,,-UNG
ABSTAMMUNG,,GESCHICHTE
ABSTAMMUNG,,KLAGE
ABSTAMMUNG,,LINIE
ABSTAMMUNG,,MERKMAL
ABSTAMMUNG,,NACHWEIS
ABSTAMMUNG,,RECHT
ABSTAND,,GEFÜHL
ABSTAND,,KONTROLLE
ABSTAND,,RADAR
ABSTAND,,SENSOR
ABSTAND,,SUMME
ABSTAND,,TEMPOMAT
ABSTAND,,WARNER
ABSTAND,,WARNUNG
ABSTAND,,ZAHLUNG
ABSTATTEN,,-UNG
ABSTECKEN,,-UNG
ABSTEIFEN,,-UNG
ABSTEIGEN,,QUARTIER
ABSTELLEN,,ANLAGE
ABSTELLEN,,BAHNHOF
ABSTELLEN,,GLEIS
ABSTELLEN,,HEBEL
ABSTELLEN,,KAMMER
ABSTELLEN,,NISCHE
ABSTELLEN,,PLATTE
ABSTELLEN,,PLATZ
ABSTELLEN,,RAUM
ABSTELLEN,,TISCH
ABSTELLEN,,-UNG
ABSTELLEN,,VENTIL
ABSTICH,,GRABEN
ABSTICH,,LOCH
ABSTICH,,PROBE
ABSTICH,,RINNE
ABSTICH,,STANGE
ABSTICH,,ÖFFNUNG
ABSTIEG,,ANGST
ABSTIEG,,APFEL
ABSTIEG,,BAHN
ABSTIEG,,DERBY
ABSTIEG,,GEFAHR
ABSTIEG,,KAMPF
ABSTIEG,,KANDIDAT
ABSTIEG,,PLATZ
ABSTIEG,,RANG
ABSTIEG,,RENNEN
ABSTIEG,,RUNDE
ABSTIEG,,SAISON
ABSTIEG,,SORGE
ABSTIEG,,STUFE
ABSTIEG,,ZONE
ABSTIMMEN,,ANZEIGE
ABSTIMMEN,,AUTOMATIK
ABSTIMMEN,,KNOPF
ABSTIMMEN,,KREIS
ABSTIMMEN,,SCHÄRFE
ABSTIMMEN,,SKALA
ABSTIMMEN,,-UNG
ABSTIMMUNG, MIT DEN FÜSSE,FUSS
ABSTIMMUNG,,AUSGANG
ABSTIMMUNG,,BEZIRK
ABSTIMMUNG,,DEBAKEL
ABSTIMMUNG,,ERGEBNIS
ABSTIMMUNG,,GEBIET
ABSTIMMUNG,,KABINE
ABSTIMMUNG,,KAMPF
ABSTIMMUNG,,LISTE
ABSTIMMUNG,,LOKAL
ABSTIMMUNG,,MASCHINE
ABSTIMMUNG,,PANNE
ABSTIMMUNG,,PAROLE
ABSTIMMUNG,,PROBLEM
ABSTIMMUNG,,PROZESS
ABSTIMMUNG,,PROZESS
ABSTIMMUNG,,RAUM
ABSTIMMUNG,,RECHT
ABSTIMMUNG,,SIEG
ABSTIMMUNG,,URNE
ABSTIMMUNG,,VERFAHREN
ABSTIMMUNG,,VERHALTEN
ABSTIMMUNG,,VORLAGE
ABSTIMMUNG,,VORSTAND
ABSTIMMUNG,,VORSTEHER
ABSTIMMUNG,,ZWANG
ABSTINENZ,,ERSCHEINUNG
ABSTINENZ,,-LER
ABSTINENZ,,VEREIN
ABSTOSSEN,,BEIN
ABSTOSSEN,,KRAFT
ABSTOSSEN,,REAKTION
ABSTOSSEN,,-UNG
ABSTOSSUNG,,KRAFT
ABSTOSSUNG,,REAKTION
ABSTRAFEN,,-UNG
ABSTRAHLEN,,-UNG
ABSTRAKT,,-HEIT
ABSTRAKTION,,EBENE
ABSTRAKTION,,GRAD
ABSTRAKTION,,NIVEAU
ABSTRAKTION,,PROZESS
ABSTRAKTION,,PROZESS
ABSTRAKTION,,STUFE
ABSTRICH,,ZENTRUM
ABSTUFEN,,-UNG
ABSTUMPFEN,,-UNG
ABSTURZ,,GEBIET
ABSTURZ,,GEFAHR
ABSTURZ,,SICHERUNG
ABSTURZ,,STELLE
ABSTURZ,,URSACHE
ABSURD,,-ITÄT
ABSZISSE,N,ACHSE
ABTASTEN,,FREQUENZ
ABTASTEN,,NADEL
ABTASTEN,,-UNG
ABT,,-EI
ABTEI,,KIRCHE
ABTEIL,,BESTELLUNG
ABTEIL,,FENSTER
ABTEI,,LIKÖR
ABTEIL,,KOFFER
ABTEIL,,TÜR
ABTEILUNG,S,CHEF
ABTEILUNG,,DISPATCHER
ABTEILUNG,,GEWERKSCHAFTSLEITUNG
ABTEILUNG,S,KOMMANDEUR
ABTEILUNGSLEITER,,BESPRECHUNG
ABTEILUNG,,PARTEIORGANISATION
ABTEILUNG,S,UNTERRICHT
ABTEILUNG,S,WAND
ABTEILUNG,S,ZEICHEN
ABTEUFEN,,-UNG
ABT,,HAUS
ABTRAGEN,,-UNG
ABTREIBEN,,-UNG
ABTREIBUNG,S,BEFÜRWORTER
ABTREIBUNG,S,DEBATTE
ABTREIBUNG,S,FRAGE
ABTREIBUNG,S,GEGNER
ABTREIBUNG,,GESETZ
ABTREIBUNG,S,KLINIK
ABTREIBUNG,S,MITTEL
ABTREIBUNG,S,PILLE
ABTREIBUNG,S,RECHT
ABTREIBUNG,S,VERBOT
ABTREIBUNG,S,VERFAHREN
ABTREIBUNG,,VERSUCH
ABTRENNEN,,-UNG
ABTREPPEN,,-UNG
ABTRETEN,,-UNG
ABTRETUNG,S,EMPFÄNGER
ABTRITT,S,BRILLE
ABTRITT,S,DECKEL
ABTRITT,S,GRUBE
ABTROCKNEN,,TUCH
ABTROPFEN,,BRETT
ABTROPFEN,,GEWICHT
ABTRÄGLICH,,-KEIT
ABTRÜNNIG,,-KEIT
ABTÖNEN,,FARBE
ABTÖNEN,,-UNG
ABTÖTEN,,-UNG
ABURTEILEN,,-UNG
ABWAHL,,ANTRAG
ABWAHL,,VERFAHREN
ABWANDERN,,-UNG
ABWASCHEN,,-UNG
ABWASSER,,ANLAGE
ABWASSER,,AUFBEREITUNG
ABWASSER,,BAKTERIUM
ABWASSER,,BEHANDLUNG
ABWASSER,,BELASTUNG
ABWASSER,,GEBÜHR
ABWASSER,,GENOSSENSCHAFT
ABWASSER,,KANAL
ABWASSER,,KATASTER
ABWASSER,,LAST
ABWASSER,,MENGE
ABWASSER,,MONITORING
ABWASSER,,NETZ
ABWASSER,,REINIGUNGSANLAGE
ABWASSER,,ROHR
ABWASSER,,SAMMLER
ABWASSER,,SYSTEM
ABWASSER,,TECHNIK
ABWASSER,,TEICH
ABWASSER,,UNTERSUCHUNG
ABWASSER,,ZWECKVERBAND
ABWECHSLUNG,,BEDÜRFNIS
ABWECHSLUNG,,REICHTUM
ABWEGIG,,-KEIT
ABWEHREN,TTERI,ABWEHR
ABWEHREN,,BEREITSCHAFT
ABWEHREN,GUNG,ABWEHR
ABWEHREN,,BOLLWERK
ABWEHR,,CHEF
ABWEHR,,DIENST
ABWEHREN,,FEUER
ABWEHREN,,KAMPF
ABWEHREN,,KRAFT
ABWEHREN,,LINIE
ABWEHREN,,MAUER
ABWEHREN,,MASSNAHME
ABWEHREN,,MECHANISMUS
ABWEHREN,,STELLUNG
ABWEHREN,,STOFF
ABWEHREN,,STRATEGIE
ABWEHREN,,ZAUBER
ABWEHREN,,ZENTRUM
ABWEICHLER,,-TUM
ABWEICHUNG,,ANALYSE
ABWEISEN,,-UNG
ABWENDEN,,-UNG
ABWERBEN,,-UNG
ABWERTEN,,-UNG
ABWESEND,,-HEIT
ABWESENHEIT,,NOTIZ
ABWESENHEIT,,PFLEGER
ABWESENHEIT,,PROTEST
ABWICKLUNG,S,AMT
ABWICKLUNG,,FONDS
ABWICKLUNG,,GESCHÄFT
ABWICKLUNG,,INSTANZ
ABWRACKEN,,PRÄMIE
ABWRACKEN,,WERFT
ABWURF,,GESCHWINDIGKEIT
ABWURF,,LINIE
ABWURF,,STANGE
ABWÄGEN,,-UNG
ABWÄLZEN,,-UNG
ABWÄRTS,,ENTWICKLUNG
ABWÄRTS,,KOMPATIBILITÄT
ABWÄRTS,,KORREKTUR
ABWÄRTS,,SOG
ABWÄRTS,,SPIRALE
ABWÄRTS,,TREND
ABWÄRTS,,WECHSEL
ABWÜRGEN,,-UNG
ABZAHLEN,,-UNG
ABZAHLUNG,,GESCHÄFT
ABZAHLUNG,S,HYPOTHEK
ABZAHLUNG,S,KAUF
ABZAHLUNG,S,RATE
ABZAHLUNG,,SYSTEM
ABZAHLUNG,S,VERPFLICHTUNG
ABZAHLUNG,S,VERTRAG
ABZAPFEN,,-UNG
ABZEHREN,,-UNG
ABZEICHNEN,,-UNG
ABZIEHEN,,APPARAT
ABZIEHEN,,BILD
ABZIEHEN,,KLINGE
ABZIEHEN,,PRESSE
ABZIEHEN,,STEIN
ABZIEHEN,,VORRICHTUNG
ABZINSEN,,-UNG
ABZOCKEN,,-EREI
ABZOCKER,,MENTALITÄT
ABZUG,S,BÜGEL
ABZUGSFÄHIG,,-KEIT
ABZUG,S,GEGNER
ABZUG,S,GRABEN
ABZUG,S,HAUBE
ABZUG,S,KAMIN
ABZUG,S,KANAL
ABZUG,S,LEINE
ABZUG,S,RINNE
ABZUG,S,ROHR
ABZUG,,SCHACH
ABZUG,,STRATEGIE
ABZWEIGEN,,STELLE
ABZWEIGEN,,-UNG
ABZÄHLEN,,REIM
ABZÄHLEN,,SPIEL
ABZÄHLEN,,VERS
ABZÄUNEN,,-UNG
ABÄNDERN,,-UNG
ABÄNDERUNG,S,ANTRAG
ABÄNDERUNG,S,KLAGE
ABÄNDERUNG,,VORSCHLAG
ACHILLES,,FERSE
ACHILLES,,SEHNE
ACHILLESSEHNE,,REFLEX
ACH,,LAUT
A-,,CHROMATOPSIE
ACHSE,,ANTRIEB
ACHSEL,,DRÜSE
ACHSEL,,GRIFF
ACHSEL,,GRUBE
ACHSEL,,HAAR
ACHSEL,,HÖHLE
ACHSEL,,KLAPPE
ACHSEL,,KNOSPE
ACHSEL,,PATTE
ACHSEL,,SCHNUR
ACHSEL,,SCHWEISS
ACHSEL,,SPROSS
ACHSEL,,SPROSS
ACHSEL,,STÜCK
ACHSEL,,TRÄGER
ACHSEL,,ZUCKEN
ACHSE,,DREHUNG
ACHSE,N,KREUZ
ACHSE,N,LAGER
ACHSE,N,MACHT
ACHSE,,STELLUNG
ACHSE,N,SYMMETRIE
ACHSE,,VERSCHIEBUNG
ACHSE,N,ZEIT
ACHSE,,ZYLINDER
ACHSE,,FOLGE
ACHSE,,LAGER
ACHSE,,SCHENKEL
ACHSSCHENKEL,,BOLZEN
ACHTBAR,,-KEIT
ACHT,,ECK
ACHTELFINALE,,BEGEGNUNG
ACHTELFINALE,,GEGNER
ACHTELFINALE,,HINSPIEL
ACHTELFINALE,,-IST
ACHTELFINALE,,RÜCKSPIEL
ACHTELFINALE,,SPIEL
ACHT,ENDER,ENDE
ACHTER,,BAHN
ACHTERBAHN,,FAHRT
ACHTER-,,DECK
ACHTER-,,KAJÜTE
ACHTER,,KREISEN
ACHTER-,,LAST
ACHTER-,,LUKE
ACHTER,,MANNSCHAFT
ACHTER,,REIHE
ACHTER,,RENNEN
ACHTER-,,SCHIFF
ACHTER-,,STEVEN
ACHTER-,,WASSER
ACHT,GROSCHENJU,GROSCHEN
ACHT,,KAMPF
ACHT,,-LING
ACHTLOS,,-IGKEIT
ACHT,,METER
ACHTSAM,,-KEIT
ACHTSAMKEIT,,TRAINING
ACHT,SITZER,SITZ
ACHT,STUNDENTAG,STUNDE
ACHTUNG,,APPLAUS
ACHTUNG,,BEWEIS
ACHTUNG,S,BEZEIGUNG
ACHTUNG,S,ERFOLG
ACHTZEHN,DER,ENDE
ACKER,,BAU
ACKERBAU,,FLÄCHE
ACKERBAU,,GEBIET
ACKERBAU,,SCHULE
ACKER,,BEET
ACKER,,BESTELLUNG
ACKER,,BODEN
ACKER,,BOHNE
ACKER,,BÜRGER
ACKERBÜRGER,,STADT
ACKER,,BÜRGERTUM
ACKER,,DISTEL
ACKER,,EGGE
ACKER,,ERBSE
ACKER,,ERDE
ACKER,,FELD
ACKER,,FLÄCHE
ACKER,,FRUCHT
ACKER,,FUCHSSCHWANZ
ACKER,,FURCHE
ACKER,,GAUL
ACKER,,GERÄT
ACKER,,GRENZE
ACKER,,GRUND
ACKER,,HAHNENFUSS
ACKER,,HUMMEL
ACKER,,KAMILLE
ACKER,,KNECHT
ACKER,,KRUME
ACKER,,LAND
ACKER,,LÄNGE
ACKER,,NAHRUNG
ACKER,,PFERD
ACKER,,RAIN
ACKER,,RANDSTREIFEN
ACKER,,SALAT
ACKER,,SCHACHTELHALM
ACKER,,SCHLAG
ACKER,,SCHLEIFE
ACKER,,SCHLEPPE
ACKER,,SCHLEPPER
ACKER,,SCHMALWAND
ACKER,,SCHNECKE
ACKER,,SPARK
ACKER,,SPERGEL
ACKER,,SPÖRGEL
ACKER,,STREIFEN
ACKER,,UNKRAUT
ACKER,,WICKE
ACKER,,WINDE
ACKER,,ZAHL
ACRYL,,AMID
ACRYL,,FARBE
ACRYL,,FASER
ACRYL,,NITRIL
ACRYL,,SÄURE
ACTION,,COMIC
ACTION,,SEQUENZ
ACTION,,THRILLER
ACTION,,TITEL
AD HOC,-HOC-,LÖSUNG
ADAM,S,APFEL
ADAM,S,KIND
ADAM,,KOSTÜM
ADAPTATION,,SYNDROM
ADAPTIEREN,,-UNG
ADDIEREN,,MASCHINE
ADDITION,,MASCHINE
ADDITION,S,ZEICHEN
ADDUKTOR,EN,PROBLEM
ADDUKTOR,,ZERRUNG
ADEL, ,VERPFLICHTEN
ADEL,S,BRIEF
ADEL,S,EXPERTE
ADEL,S,FAMILIE
ADEL,,GESCHLECHT
ADEL,,HAUS
ADEL,,HERRSCHAFT
ADEL,S,KALENDER
ADEL,,KASTE
ADEL,,KLASSE
ADEL,,KREIS
ADEL,S,KRONE
ADEL,S,LEXIKON
ADEL,S,MATRIKEL
ADEL,S,NAME
ADEL,,PALAST
ADEL,S,PRIVILEG
ADEL,S,PROBE
ADEL,S,PRÄDIKAT
ADEL,S,RANG
ADEL,S,REPUBLIK
ADEL,,SITZ
ADEL,,SPROSS
ADEL,,SPROSS
ADEL,S,TITEL
ADEL,S,WAPPEN
ADER,,GEFLECHT
ADER,,GESCHWULST
ADER,,HAUT
ADER,,KNOTEN
ADER,,STRANG
ADHÄSION,,BAHN
ADHÄSION,,FETT
ADHÄSION,,KRAFT
ADHÄSION,,PROZESS
ADHÄSION,,PROZESS
ADHÄSION,,VERFAHREN
ADHÄSION,,VERSCHLUSS
ADHÄSION,,VERSCHLUSS
ADJEKTIV,,ABSTRAKTUM
ADJEKTIV,,ATTRIBUT
ADJEKTIVIEREN,,-UNG
ADJUSTIEREN,,-UNG
ADLER,,AUGE
ADLER,,FARN
ADLER,,KOPF
ADLER,,KRALLE
ADLER,,NASE
ADLER,,NEST
ADLER,,ROCHEN
ADLER,,SCHIESSEN
ADLER,,SCHWINGE
ADMINISTRIEREN,,-ATION
ADMINISTRATIV,,UNTERSUCHUNG
ADMINISTRIEREN,,-ATOR
ADMIRAL,,ARZT
ADMIRAL,,-ITÄT
ADMIRALITÄT,S,KARTE
ADMIRAL,S,FLAGGE
ADMIRAL,S,RANG
ADMIRAL,,SCHIFF
ADMIRALSTAB,,ARZT
ADMIRALSTAB,,OFFIZIER
ADONIS,,GARTEN
ADONIS,,KÄFER
ADONIS,,RÖSCHEN
ADOPTIV-,,BRUDER
ADOPTIV-,,ELTERN
ADOPTIV-,,FAMILIE
ADOPTIV-,,KAISER
ADOPTIV-,,KIND
ADOPTIV-,,MUTTER
ADOPTIV-,,SCHWESTER
ADOPTIV-,,SOHN
ADOPTIV-,,TOCHTER
ADOPTIV-,,VATER
ADRENALIN,,AUSSCHÜTTUNG
ADRENALIN,,KICK
ADRENALIN,,SPIEGEL
ADRENALIN,,STOSS
ADRESSAT,N,GRUPPE
ADRESSAT,N,KREIS
ADRESSE,,BUCH
ADRESSBUCH,,VERLAG
ADRESSE,N,AUSFALLRISIKO
ADRESSE,N,BÜRO
ADRESSE,,VERZEICHNIS
ADRESSE,,FELD
ADRESSIEREN,,MASCHINE
ADRESSIEREN,,-UNG
ADRESSE,,LEISTE
ADRESSE,,ZEILE
ADRESSE,,BUCH
ADRESSBUCH,,VERLAG
ADRESSE,,FELD
ADRESSE,,LEISTE
ADRESSE,,ZEILE
ADSORPTION,,ANALYSE
ADSORPTION,,GESETZ
ADSORPTION,,KOHLE
ADSORPTION,,KÄLTEMASCHINE
ADSORPTION,,WÄRME
ADVENT,,-ISMUS
ADVENT,,-IST
ADVENT,,FENSTER
ADVENT,,GEMÜSE
ADVENT,S,LEUCHTER
ADVERBIAL,,ADJEKTIV
ADVERBIAL,,BESTIMMUNG
ADVERBIAL,,SATZ
ADVERBIAL,,SUFFIX
ADVERSATIV,,SATZ
ADVOKATUR,S,KANZLEI
ADÄQUAT,,-HEIT
AERO-,,BIOLOGIE
